{
  "2h": {
    "train_rows": 4368,
    "validation_prediction_rows": 1080,
    "validation_labeled_rows": 743,
    "train": {
      "mae": 0.04148442348002204,
      "rmse": 0.0954464180143697,
      "r2": 0.9665597741253863
    },
    "validation_labeled": {
      "mae": 0.04802055953086366,
      "rmse": 0.11714947072877226,
      "r2": 0.755474935720509
    },
    "validation_labeled_by_target_month": {
      "2026-01": {
        "rows": 371,
        "mae": 0.038633649819096054,
        "rmse": 0.09933129375899756,
        "r2": 0.7698633079675908
      },
      "2026-03": {
        "rows": 372,
        "mae": 0.05738223561437384,
        "rmse": 0.132555354468133,
        "r2": 0.49173519754371153
      }
    }
  },
  "4h": {
    "train_rows": 4368,
    "validation_prediction_rows": 1080,
    "validation_labeled_rows": 742,
    "train": {
      "mae": 0.05186870087021538,
      "rmse": 0.1115067831004643,
      "r2": 0.9543580485946206
    },
    "validation_labeled": {
      "mae": 0.06300355417248875,
      "rmse": 0.14480393711261424,
      "r2": 0.6263555032840806
    },
    "validation_labeled_by_target_month": {
      "2026-01": {
        "rows": 370,
        "mae": 0.05811959470651221,
        "rmse": 0.15283135390513716,
        "r2": 0.45620907193062465
      },
      "2026-03": {
        "rows": 372,
        "mae": 0.06786125579187402,
        "rmse": 0.13635168887884686,
        "r2": 0.4622052875004615
      }
    }
  },
  "6h": {
    "train_rows": 4368,
    "validation_prediction_rows": 1080,
    "validation_labeled_rows": 741,
    "train": {
      "mae": 0.05769457669104248,
      "rmse": 0.12160820722564683,
      "r2": 0.9457125927003643
    },
    "validation_labeled": {
      "mae": 0.07355975102458723,
      "rmse": 0.16565942011588644,
      "r2": 0.5109118504720362
    },
    "validation_labeled_by_target_month": {
      "2026-01": {
        "rows": 369,
        "mae": 0.07585421228369076,
        "rmse": 0.19282262401213454,
        "r2": 0.1359965259481165
      },
      "2026-03": {
        "rows": 372,
        "mae": 0.07128379348531519,
        "rmse": 0.13335685587682766,
        "r2": 0.4855701269357676
      }
    }
  },
  "8h": {
    "train_rows": 4368,
    "validation_prediction_rows": 1080,
    "validation_labeled_rows": 740,
    "train": {
      "mae": 0.06160724918887414,
      "rmse": 0.1273508685766731,
      "r2": 0.9404627991411757
    },
    "validation_labeled": {
      "mae": 0.07977405469953425,
      "rmse": 0.1761767390484955,
      "r2": 0.4468283061434303
    },
    "validation_labeled_by_target_month": {
      "2026-01": {
        "rows": 368,
        "mae": 0.0838390798672135,
        "rmse": 0.2054190846576118,
        "r2": 0.021385433050863267
      },
      "2026-03": {
        "rows": 372,
        "mae": 0.07575273947989455,
        "rmse": 0.1414194931964074,
        "r2": 0.4214857807086746
      }
    }
  },
  "10h": {
    "train_rows": 4368,
    "validation_prediction_rows": 1080,
    "validation_labeled_rows": 739,
    "train": {
      "mae": 0.06470489826013584,
      "rmse": 0.1334936844995087,
      "r2": 0.9345789829156355
    },
    "validation_labeled": {
      "mae": 0.07883927052973727,
      "rmse": 0.16931469954462652,
      "r2": 0.4890696219596208
    },
    "validation_labeled_by_target_month": {
      "2026-01": {
        "rows": 367,
        "mae": 0.083363256442144,
        "rmse": 0.20259339561522974,
        "r2": 0.05002987240289969
      },
      "2026-03": {
        "rows": 372,
        "mae": 0.07437609087959407,
        "rmse": 0.12828563204313648,
        "r2": 0.5239511489371953
      }
    }
  },
  "12h": {
    "train_rows": 4368,
    "validation_prediction_rows": 1080,
    "validation_labeled_rows": 738,
    "train": {
      "mae": 0.06465380426751806,
      "rmse": 0.1308033322846461,
      "r2": 0.9371876950316403
    },
    "validation_labeled": {
      "mae": 0.08025886088750343,
      "rmse": 0.16562181713267582,
      "r2": 0.5111014876431546
    },
    "validation_labeled_by_target_month": {
      "2026-01": {
        "rows": 366,
        "mae": 0.08074370295611237,
        "rmse": 0.1914516218957879,
        "r2": 0.15334697131623765
      },
      "2026-03": {
        "rows": 372,
        "mae": 0.07978183885225916,
        "rmse": 0.1354850891124625,
        "r2": 0.4690196034573102
      }
    }
  },
  "recursive_fill": {
    "filled_rows": 336,
    "filled_period_start": "2026-02-01 01:00:00",
    "filled_period_end": "2026-02-28 23:00:00",
    "filled_ntu_min": 0.14100220799446106,
    "filled_ntu_max": 0.8056479692459106
  }
}