feature,importance
FILT. NTU_LAG_2H,0.33591527
FILT. NTU,0.3251042
R/W FLOW,0.06986126
FILT. NTU_LAG_4H,0.058870334
R/W NTU,0.0377878
RIVER LEVEL,0.036699817
FILT. NTU_LAG_6H,0.02282394
ALUM,0.022148583
R/W NTU_LAG_2H,0.020584969
R/W NTU_LAG_6H,0.01436774
R/W CLR,0.011130556
C/W WELL LEVEL,0.0110215545
R/W PH,0.009665269
R/W NTU_LAG_4H,0.008927508
ALUM_LAG_6H,0.008011922
ALUM_LAG_2H,0.004562828
ALUM_LAG_4H,0.0025165332
