feature,importance
FILT. NTU,0.34597883
FILT. NTU_LAG_2H,0.2991207
R/W FLOW,0.07199929
R/W NTU_LAG_6H,0.044456348
FILT. NTU_LAG_4H,0.035628013
R/W NTU,0.032633834
RIVER LEVEL,0.030240748
R/W NTU_LAG_2H,0.022021882
FILT. NTU_LAG_6H,0.019074485
ALUM,0.016951494
R/W CLR,0.01598823
ALUM_LAG_6H,0.013426076
R/W NTU_LAG_4H,0.012783571
ALUM_LAG_4H,0.012036565
R/W PH,0.011138686
C/W WELL LEVEL,0.008705215
ALUM_LAG_2H,0.007816057
